{"_wandb":{"runtime":110},"_runtime":109.692703797,"iteration":80,"_timestamp":1.7356538641665907e+09,"_step":17,"best_score":577.8850653361966,"score":1067.053349944732,"best_text":"reindeer mistletoe elf scrooge gingerbread advent chimney fireplace ornament family","temperature":38.742048900000015}