{"best_score":589.282826961637,"iteration":10,"score":1223.3826929169447,"_runtime":47.040103194,"_wandb":{"runtime":49},"_step":3,"best_text":"reindeer mistletoe gingerbread elf advent scrooge chimney family fireplace ornament","temperature":81,"_timestamp":1.7356550258737373e+09}