{"best_score":750.765798300995,"_wandb":{"runtime":51},"_step":5,"best_text":"reindeer mistletoe advent scrooge ornament family gingerbread elf chimney fireplace","_runtime":47.415512041,"temperature":29.16,"iteration":20,"_timestamp":1.735656176165395e+09,"score":1343.6230325404526}