{"score":1067.053349944732,"_step":17,"iteration":80,"_wandb":{"runtime":106},"best_score":577.8850653361966,"temperature":38.742048900000015,"_timestamp":1.7356558885248551e+09,"_runtime":106.100522498,"best_text":"reindeer mistletoe elf scrooge gingerbread advent chimney fireplace ornament family"}