{"_wandb":{"runtime":154},"score":586.9854309417088,"temperature":25.41865828329001,"best_score":530.2971447966088,"best_text":"reindeer mistletoe gingerbread family advent scrooge chimney elf fireplace ornament","_timestamp":1.7356535762782822e+09,"_runtime":147.117467999,"iteration":120,"_step":25}