{"_timestamp":1.7356563302289004e+09,"iteration":70,"temperature":43.04672100000001,"_wandb":{"runtime":103},"best_text":"reindeer mistletoe elf gingerbread advent scrooge chimney fireplace ornament family","_step":15,"_runtime":94.609725106,"score":1317.6350105946774,"best_score":540.7563187908823}