{"score":1067.053349944732,"temperature":38.742048900000015,"_step":17,"_wandb":{"runtime":106},"_timestamp":1.7356557407094896e+09,"best_text":"reindeer mistletoe elf scrooge gingerbread advent chimney fireplace ornament family","_runtime":106.196924039,"best_score":577.8850653361966,"iteration":80}