{"best_text":"reindeer mistletoe elf scrooge gingerbread advent chimney fireplace ornament family","temperature":38.742048900000015,"_timestamp":1.7356565022082143e+09,"_runtime":102.476275723,"_wandb":{"runtime":102},"iteration":80,"score":1067.053349944732,"_step":17,"best_score":577.8850653361966}