{"iteration":130,"_wandb":{"runtime":145},"_timestamp":1.735656735821292e+09,"_runtime":145.113292648,"temperature":9.1507169819844,"_step":27,"score":538.6481096972173,"best_score":513.9816168847873,"best_text":"reindeer mistletoe gingerbread elf family advent scrooge chimney fireplace ornament"}