{"_runtime":160.456656414,"iteration":90,"_step":19,"_wandb":{"runtime":172},"temperature":99.00448802097485,"_timestamp":1.735907008994889e+09,"best_text":"reindeer mistletoe scrooge elf gingerbread ornament family advent chimney fireplace","score":1100.9252592553103,"best_score":538.6481096972173}